,primary_type,yearpre,yearpos,cntpre,cntpos,pctchangeyoy,__fileposition__
1,"ARSON",2001,2002,1010,1032,2,0
2,"ARSON",2002,2003,1032,955,-7,44
3,"ARSON",2003,2004,955,778,-18,88
4,"ARSON",2004,2005,778,691,-11,132
5,"ARSON",2005,2006,691,726,5,176
6,"ARSON",2006,2007,726,712,-1,220
7,"ARSON",2007,2008,712,644,-9,264
8,"ARSON",2008,2009,644,616,-4,308
9,"ARSON",2009,2010,616,522,-15,352
10,"ARSON",2010,2011,522,504,-3,396
11,"ARSON",2011,2012,504,469,-6,440
12,"ARSON",2012,2013,469,364,-22,484
13,"ARSON",2013,2014,364,397,9,528
14,"ARSON",2014,2015,397,454,14,572
15,"ARSON",2015,2016,454,517,13,616
16,"ARSON",2016,2017,517,285,-44,660
17,"ASSAULT",2001,2002,31384,31521,0,704
18,"ASSAULT",2002,2003,31521,29477,-6,750
19,"ASSAULT",2003,2004,29477,28850,-2,796
20,"ASSAULT",2004,2005,28850,27066,-6,842
21,"ASSAULT",2005,2006,27066,25945,-4,888
22,"ASSAULT",2006,2007,25945,26314,1,934
23,"ASSAULT",2007,2008,26314,25447,-3,980
24,"ASSAULT",2008,2009,25447,22861,-10,1026
25,"ASSAULT",2009,2010,22861,21535,-5,1072
26,"ASSAULT",2010,2011,21535,20411,-5,1118
27,"ASSAULT",2011,2012,20411,19898,-2,1164
28,"ASSAULT",2012,2013,19898,17971,-9,1210
29,"ASSAULT",2013,2014,17971,16900,-5,1256
30,"ASSAULT",2014,2015,16900,17041,0,1302
31,"ASSAULT",2015,2016,17041,18732,9,1348
32,"ASSAULT",2016,2017,18732,12243,-34,1394
33,"BATTERY",2001,2002,93447,94152,0,1440
34,"BATTERY",2002,2003,94152,88377,-6,1486
35,"BATTERY",2003,2004,88377,87134,-1,1532
36,"BATTERY",2004,2005,87134,83965,-3,1578
37,"BATTERY",2005,2006,83965,80665,-3,1624
38,"BATTERY",2006,2007,80665,79591,-1,1670
39,"BATTERY",2007,2008,79591,75923,-4,1716
40,"BATTERY",2008,2009,75923,68462,-9,1762
41,"BATTERY",2009,2010,68462,65401,-4,1808
42,"BATTERY",2010,2011,65401,60458,-7,1854
43,"BATTERY",2011,2012,60458,59134,-2,1900
44,"BATTERY",2012,2013,59134,54003,-8,1946
45,"BATTERY",2013,2014,54003,49447,-8,1992
46,"BATTERY",2014,2015,49447,48911,-1,2038
47,"BATTERY",2015,2016,48911,50276,2,2084
48,"BATTERY",2016,2017,50276,31184,-37,2130
49,"BURGLARY",2001,2002,26011,25623,-1,2176
50,"BURGLARY",2002,2003,25623,25156,-1,2223
51,"BURGLARY",2003,2004,25156,24564,-2,2270
52,"BURGLARY",2004,2005,24564,25504,3,2317
53,"BURGLARY",2005,2006,25504,24324,-4,2364
54,"BURGLARY",2006,2007,24324,24858,2,2411
55,"BURGLARY",2007,2008,24858,26218,5,2458
56,"BURGLARY",2008,2009,26218,26766,2,2505
57,"BURGLARY",2009,2010,26766,26422,-1,2552
58,"BURGLARY",2010,2011,26422,26619,0,2599
59,"BURGLARY",2011,2012,26619,22844,-14,2646
60,"BURGLARY",2012,2013,22844,17894,-21,2693
61,"BURGLARY",2013,2014,17894,14570,-18,2740
62,"BURGLARY",2014,2015,14570,13182,-9,2787
63,"BURGLARY",2015,2016,13182,14287,8,2834
64,"BURGLARY",2016,2017,14287,8117,-43,2881
65,"CONCEALED CARRY LICENSE VIOLATION",2014,2015,15,34,26,2928
66,"CONCEALED CARRY LICENSE VIOLATION",2015,2016,34,36,5,3000
67,"CONCEALED CARRY LICENSE VIOLATION",2016,2017,36,38,5,3072
68,"CRIM SEXUAL ASSAULT",2001,2002,1796,1829,1,3144
69,"CRIM SEXUAL ASSAULT",2002,2003,1829,1588,-13,3202
70,"CRIM SEXUAL ASSAULT",2003,2004,1588,1568,-1,3260
71,"CRIM SEXUAL ASSAULT",2004,2005,1568,1544,-1,3318
72,"CRIM SEXUAL ASSAULT",2005,2006,1544,1462,-5,3376
73,"CRIM SEXUAL ASSAULT",2006,2007,1462,1534,4,3434
74,"CRIM SEXUAL ASSAULT",2007,2008,1534,1519,0,3492
75,"CRIM SEXUAL ASSAULT",2008,2009,1519,1409,-7,3550
76,"CRIM SEXUAL ASSAULT",2009,2010,1409,1347,-4,3608
77,"CRIM SEXUAL ASSAULT",2010,2011,1347,1466,8,3666
78,"CRIM SEXUAL ASSAULT",2011,2012,1466,1409,-3,3724
79,"CRIM SEXUAL ASSAULT",2012,2013,1409,1271,-9,3782
80,"CRIM SEXUAL ASSAULT",2013,2014,1271,1321,3,3840
81,"CRIM SEXUAL ASSAULT",2014,2015,1321,1364,3,3898
82,"CRIM SEXUAL ASSAULT",2015,2016,1364,1491,9,3956
83,"CRIM SEXUAL ASSAULT",2016,2017,1491,942,-36,4014
84,"CRIMINAL DAMAGE",2001,2002,55851,55940,0,4072
85,"CRIMINAL DAMAGE",2002,2003,55940,55011,-1,4126
86,"CRIMINAL DAMAGE",2003,2004,55011,53164,-3,4180
87,"CRIMINAL DAMAGE",2004,2005,53164,54548,2,4234
88,"CRIMINAL DAMAGE",2005,2006,54548,57124,4,4288
89,"CRIMINAL DAMAGE",2006,2007,57124,53749,-5,4342
90,"CRIMINAL DAMAGE",2007,2008,53749,52841,-1,4396
91,"CRIMINAL DAMAGE",2008,2009,52841,47724,-9,4450
92,"CRIMINAL DAMAGE",2009,2010,47724,40653,-14,4504
93,"CRIMINAL DAMAGE",2010,2011,40653,37332,-8,4558
94,"CRIMINAL DAMAGE",2011,2012,37332,35854,-3,4612
95,"CRIMINAL DAMAGE",2012,2013,35854,30853,-13,4666
96,"CRIMINAL DAMAGE",2013,2014,30853,27798,-9,4720
97,"CRIMINAL DAMAGE",2014,2015,27798,28673,3,4774
98,"CRIMINAL DAMAGE",2015,2016,28673,31008,8,4828
99,"CRIMINAL DAMAGE",2016,2017,31008,18450,-40,4882
100,"CRIMINAL TRESPASS",2001,2002,13240,13880,4,4936
101,"CRIMINAL TRESPASS",2002,2003,13880,14807,6,4992
102,"CRIMINAL TRESPASS",2003,2004,14807,15913,7,5048
103,"CRIMINAL TRESPASS",2004,2005,15913,16655,4,5104
104,"CRIMINAL TRESPASS",2005,2006,16655,14505,-12,5160
105,"CRIMINAL TRESPASS",2006,2007,14505,13699,-5,5216
106,"CRIMINAL TRESPASS",2007,2008,13699,12310,-10,5272
107,"CRIMINAL TRESPASS",2008,2009,12310,10851,-11,5328
108,"CRIMINAL TRESPASS",2009,2010,10851,9401,-13,5384
109,"CRIMINAL TRESPASS",2010,2011,9401,8659,-7,5440
110,"CRIMINAL TRESPASS",2011,2012,8659,8215,-5,5496
111,"CRIMINAL TRESPASS",2012,2013,8215,8135,0,5552
112,"CRIMINAL TRESPASS",2013,2014,8135,7539,-7,5608
113,"CRIMINAL TRESPASS",2014,2015,7539,6401,-15,5664
114,"CRIMINAL TRESPASS",2015,2016,6401,6305,-1,5720
115,"CRIMINAL TRESPASS",2016,2017,6305,4384,-30,5776
116,"DECEPTIVE PRACTICE",2001,2002,14897,13710,-7,5832
117,"DECEPTIVE PRACTICE",2002,2003,13710,13446,-1,5889
118,"DECEPTIVE PRACTICE",2003,2004,13446,13236,-1,5946
119,"DECEPTIVE PRACTICE",2004,2005,13236,13554,2,6003
120,"DECEPTIVE PRACTICE",2005,2006,13554,13563,0,6060
121,"DECEPTIVE PRACTICE",2006,2007,13563,14125,4,6117
122,"DECEPTIVE PRACTICE",2007,2008,14125,14864,5,6174
123,"DECEPTIVE PRACTICE",2008,2009,14864,13778,-7,6231
124,"DECEPTIVE PRACTICE",2009,2010,13778,12459,-9,6288
125,"DECEPTIVE PRACTICE",2010,2011,12459,12556,0,6345
126,"DECEPTIVE PRACTICE",2011,2012,12556,13506,7,6402
127,"DECEPTIVE PRACTICE",2012,2013,13506,13558,0,6459
128,"DECEPTIVE PRACTICE",2013,2014,13558,15434,13,6516
129,"DECEPTIVE PRACTICE",2014,2015,15434,15629,1,6573
130,"DECEPTIVE PRACTICE",2015,2016,15629,18168,16,6630
131,"DECEPTIVE PRACTICE",2016,2017,18168,10667,-41,6687
132,"GAMBLING",2001,2002,934,971,3,6744
133,"GAMBLING",2002,2003,971,1088,12,6791
134,"GAMBLING",2003,2004,1088,1122,3,6838
135,"GAMBLING",2004,2005,1122,1078,-3,6885
136,"GAMBLING",2005,2006,1078,1368,26,6932
137,"GAMBLING",2006,2007,1368,1409,2,6979
138,"GAMBLING",2007,2008,1409,1199,-14,7026
139,"GAMBLING",2008,2009,1199,991,-17,7073
140,"GAMBLING",2009,2010,991,927,-6,7120
141,"GAMBLING",2010,2011,927,736,-20,7167
142,"GAMBLING",2011,2012,736,724,-1,7214
143,"GAMBLING",2012,2013,724,596,-17,7261
144,"GAMBLING",2013,2014,596,393,-34,7308
145,"GAMBLING",2014,2015,393,310,-21,7355
146,"GAMBLING",2015,2016,310,189,-39,7402
147,"GAMBLING",2016,2017,189,123,-34,7449
148,"HOMICIDE",2001,2002,667,657,-1,7496
149,"HOMICIDE",2002,2003,657,604,-8,7543
150,"HOMICIDE",2003,2004,604,454,-24,7590
151,"HOMICIDE",2004,2005,454,453,0,7637
152,"HOMICIDE",2005,2006,453,477,5,7684
153,"HOMICIDE",2006,2007,477,448,-6,7731
154,"HOMICIDE",2007,2008,448,513,14,7778
155,"HOMICIDE",2008,2009,513,460,-10,7825
156,"HOMICIDE",2009,2010,460,438,-4,7872
157,"HOMICIDE",2010,2011,438,437,0,7919
158,"HOMICIDE",2011,2012,437,504,15,7966
159,"HOMICIDE",2012,2013,504,422,-16,8013
160,"HOMICIDE",2013,2014,422,425,0,8060
161,"HOMICIDE",2014,2015,425,499,17,8107
162,"HOMICIDE",2015,2016,499,781,56,8154
163,"HOMICIDE",2016,2017,781,443,-43,8201
164,"HUMAN TRAFFICKING",2013,2014,2,2,0,8248
165,"HUMAN TRAFFICKING",2014,2015,2,13,50,8304
166,"HUMAN TRAFFICKING",2015,2016,13,11,-15,8360
167,"HUMAN TRAFFICKING",2016,2017,11,6,-45,8416
168,"INTERFERENCE WITH PUBLIC OFFICER",2001,2002,406,361,-11,8472
169,"INTERFERENCE WITH PUBLIC OFFICER",2002,2003,361,408,13,8543
170,"INTERFERENCE WITH PUBLIC OFFICER",2003,2004,408,531,30,8614
171,"INTERFERENCE WITH PUBLIC OFFICER",2004,2005,531,615,15,8685
172,"INTERFERENCE WITH PUBLIC OFFICER",2005,2006,615,758,23,8756
173,"INTERFERENCE WITH PUBLIC OFFICER",2006,2007,758,677,-10,8827
174,"INTERFERENCE WITH PUBLIC OFFICER",2007,2008,677,580,-14,8898
175,"INTERFERENCE WITH PUBLIC OFFICER",2008,2009,580,573,-1,8969
176,"INTERFERENCE WITH PUBLIC OFFICER",2009,2010,573,796,38,9040
177,"INTERFERENCE WITH PUBLIC OFFICER",2010,2011,796,1048,31,9111
178,"INTERFERENCE WITH PUBLIC OFFICER",2011,2012,1048,1228,17,9182
179,"INTERFERENCE WITH PUBLIC OFFICER",2012,2013,1228,1281,4,9253
180,"INTERFERENCE WITH PUBLIC OFFICER",2013,2014,1281,1398,9,9324
181,"INTERFERENCE WITH PUBLIC OFFICER",2014,2015,1398,1308,-6,9395
182,"INTERFERENCE WITH PUBLIC OFFICER",2015,2016,1308,935,-28,9466
183,"INTERFERENCE WITH PUBLIC OFFICER",2016,2017,935,700,-25,9537
184,"INTIMIDATION",2001,2002,279,337,20,9608
185,"INTIMIDATION",2002,2003,337,364,8,9659
186,"INTIMIDATION",2003,2004,364,349,-4,9710
187,"INTIMIDATION",2004,2005,349,258,-26,9761
188,"INTIMIDATION",2005,2006,258,276,6,9812
189,"INTIMIDATION",2006,2007,276,255,-7,9863
190,"INTIMIDATION",2007,2008,255,261,2,9914
191,"INTIMIDATION",2008,2009,261,231,-11,9965
192,"INTIMIDATION",2009,2010,231,197,-14,10016
193,"INTIMIDATION",2010,2011,197,171,-13,10067
194,"INTIMIDATION",2011,2012,171,156,-8,10118
195,"INTIMIDATION",2012,2013,156,134,-14,10169
196,"INTIMIDATION",2013,2014,134,116,-13,10220
197,"INTIMIDATION",2014,2015,116,122,5,10271
198,"INTIMIDATION",2015,2016,122,134,9,10322
199,"INTIMIDATION",2016,2017,134,91,-32,10373
200,"KIDNAPPING",2001,2002,933,829,-11,10424
201,"KIDNAPPING",2002,2003,829,705,-14,10473
202,"KIDNAPPING",2003,2004,705,481,-31,10522
203,"KIDNAPPING",2004,2005,481,389,-19,10571
204,"KIDNAPPING",2005,2006,389,339,-12,10620
205,"KIDNAPPING",2006,2007,339,330,-2,10669
206,"KIDNAPPING",2007,2008,330,359,8,10718
207,"KIDNAPPING",2008,2009,359,293,-18,10767
208,"KIDNAPPING",2009,2010,293,313,6,10816
209,"KIDNAPPING",2010,2011,313,266,-15,10865
210,"KIDNAPPING",2011,2012,266,236,-11,10914
211,"KIDNAPPING",2012,2013,236,243,2,10963
212,"KIDNAPPING",2013,2014,243,220,-9,11012
213,"KIDNAPPING",2014,2015,220,190,-13,11061
214,"KIDNAPPING",2015,2016,190,202,6,11110
215,"KIDNAPPING",2016,2017,202,118,-41,11159
216,"LIQUOR LAW VIOLATION",2001,2002,1637,1414,-13,11208
217,"LIQUOR LAW VIOLATION",2002,2003,1414,1311,-7,11267
218,"LIQUOR LAW VIOLATION",2003,2004,1311,985,-24,11326
219,"LIQUOR LAW VIOLATION",2004,2005,985,1005,2,11385
220,"LIQUOR LAW VIOLATION",2005,2006,1005,1135,12,11444
221,"LIQUOR LAW VIOLATION",2006,2007,1135,1170,3,11503
222,"LIQUOR LAW VIOLATION",2007,2008,1170,912,-22,11562
223,"LIQUOR LAW VIOLATION",2008,2009,912,746,-18,11621
224,"LIQUOR LAW VIOLATION",2009,2010,746,736,-1,11680
225,"LIQUOR LAW VIOLATION",2010,2011,736,619,-15,11739
226,"LIQUOR LAW VIOLATION",2011,2012,619,573,-7,11798
227,"LIQUOR LAW VIOLATION",2012,2013,573,465,-18,11857
228,"LIQUOR LAW VIOLATION",2013,2014,465,397,-14,11916
229,"LIQUOR LAW VIOLATION",2014,2015,397,292,-26,11975
230,"LIQUOR LAW VIOLATION",2015,2016,292,227,-22,12034
231,"LIQUOR LAW VIOLATION",2016,2017,227,140,-38,12093
232,"MOTOR VEHICLE THEFT",2001,2002,27549,25121,-8,12152
233,"MOTOR VEHICLE THEFT",2002,2003,25121,22748,-9,12210
234,"MOTOR VEHICLE THEFT",2003,2004,22748,22805,0,12268
235,"MOTOR VEHICLE THEFT",2004,2005,22805,22497,-1,12326
236,"MOTOR VEHICLE THEFT",2005,2006,22497,21818,-3,12384
237,"MOTOR VEHICLE THEFT",2006,2007,21818,18573,-14,12442
238,"MOTOR VEHICLE THEFT",2007,2008,18573,18881,1,12500
239,"MOTOR VEHICLE THEFT",2008,2009,18881,15482,-18,12558
240,"MOTOR VEHICLE THEFT",2009,2010,15482,19028,22,12616
241,"MOTOR VEHICLE THEFT",2010,2011,19028,19387,1,12674
242,"MOTOR VEHICLE THEFT",2011,2012,19387,16492,-14,12732
243,"MOTOR VEHICLE THEFT",2012,2013,16492,12581,-23,12790
244,"MOTOR VEHICLE THEFT",2013,2014,12581,9913,-21,12848
245,"MOTOR VEHICLE THEFT",2014,2015,9913,10073,1,12906
246,"MOTOR VEHICLE THEFT",2015,2016,10073,11307,12,12964
247,"MOTOR VEHICLE THEFT",2016,2017,11307,7100,-37,13022
248,"NARCOTICS",2001,2002,50567,51789,2,13080
249,"NARCOTICS",2002,2003,51789,54288,4,13128
250,"NARCOTICS",2003,2004,54288,57060,5,13176
251,"NARCOTICS",2004,2005,57060,56234,-1,13224
252,"NARCOTICS",2005,2006,56234,55813,0,13272
253,"NARCOTICS",2006,2007,55813,54454,-2,13320
254,"NARCOTICS",2007,2008,54454,46507,-14,13368
255,"NARCOTICS",2008,2009,46507,43543,-6,13416
256,"NARCOTICS",2009,2010,43543,43393,0,13464
257,"NARCOTICS",2010,2011,43393,38605,-11,13512
258,"NARCOTICS",2011,2012,38605,35488,-8,13560
259,"NARCOTICS",2012,2013,35488,34127,-3,13608
260,"NARCOTICS",2013,2014,34127,28992,-15,13656
261,"NARCOTICS",2014,2015,28992,23837,-17,13704
262,"NARCOTICS",2015,2016,23837,13251,-44,13752
263,"NARCOTICS",2016,2017,13251,6805,-48,13800
264,"NON - CRIMINAL",2013,2014,3,10,33,13848
265,"NON - CRIMINAL",2014,2015,10,20,0,13901
266,"NON - CRIMINAL",2015,2016,20,5,-75,13954
267,"NON-CRIMINAL",2009,2010,1,1,0,14007
268,"NON-CRIMINAL",2012,2013,6,4,-33,14058
269,"NON-CRIMINAL",2013,2014,4,17,25,14109
270,"NON-CRIMINAL",2014,2015,17,15,-11,14160
271,"NON-CRIMINAL",2015,2016,15,48,20,14211
272,"NON-CRIMINAL",2016,2017,48,31,-35,14262
273,"NON-CRIMINAL (SUBJECT SPECIFIED)",2016,2017,1,2,0,14313
274,"OBSCENITY",2001,2002,19,26,36,14384
275,"OBSCENITY",2002,2003,26,16,-38,14432
276,"OBSCENITY",2003,2004,16,13,-18,14480
277,"OBSCENITY",2004,2005,13,19,46,14528
278,"OBSCENITY",2005,2006,19,17,-10,14576
279,"OBSCENITY",2006,2007,17,11,-35,14624
280,"OBSCENITY",2007,2008,11,13,18,14672
281,"OBSCENITY",2008,2009,13,21,61,14720
282,"OBSCENITY",2009,2010,21,33,57,14768
283,"OBSCENITY",2010,2011,33,40,21,14816
284,"OBSCENITY",2011,2012,40,26,-35,14864
285,"OBSCENITY",2012,2013,26,24,-7,14912
286,"OBSCENITY",2013,2014,24,38,58,14960
287,"OBSCENITY",2014,2015,38,46,21,15008
288,"OBSCENITY",2015,2016,46,53,15,15056
289,"OBSCENITY",2016,2017,53,39,-26,15104
290,"OFFENSE INVOLVING CHILDREN",2001,2002,2237,2573,15,15152
291,"OFFENSE INVOLVING CHILDREN",2002,2003,2573,3032,17,15217
292,"OFFENSE INVOLVING CHILDREN",2003,2004,3032,3074,1,15282
293,"OFFENSE INVOLVING CHILDREN",2004,2005,3074,2878,-6,15347
294,"OFFENSE INVOLVING CHILDREN",2005,2006,2878,2746,-4,15412
295,"OFFENSE INVOLVING CHILDREN",2006,2007,2746,2871,4,15477
296,"OFFENSE INVOLVING CHILDREN",2007,2008,2871,2608,-9,15542
297,"OFFENSE INVOLVING CHILDREN",2008,2009,2608,2557,-1,15607
298,"OFFENSE INVOLVING CHILDREN",2009,2010,2557,2529,-1,15672
299,"OFFENSE INVOLVING CHILDREN",2010,2011,2529,2324,-8,15737
300,"OFFENSE INVOLVING CHILDREN",2011,2012,2324,2193,-5,15802
301,"OFFENSE INVOLVING CHILDREN",2012,2013,2193,2329,6,15867
302,"OFFENSE INVOLVING CHILDREN",2013,2014,2329,2358,1,15932
303,"OFFENSE INVOLVING CHILDREN",2014,2015,2358,2254,-4,15997
304,"OFFENSE INVOLVING CHILDREN",2015,2016,2254,2266,0,16062
305,"OFFENSE INVOLVING CHILDREN",2016,2017,2266,1326,-41,16127
306,"OTHER NARCOTIC VIOLATION",2001,2002,6,5,-16,16192
307,"OTHER NARCOTIC VIOLATION",2002,2003,5,2,-60,16255
308,"OTHER NARCOTIC VIOLATION",2003,2004,2,9,50,16318
309,"OTHER NARCOTIC VIOLATION",2004,2005,9,9,0,16381
310,"OTHER NARCOTIC VIOLATION",2005,2006,9,9,0,16444
311,"OTHER NARCOTIC VIOLATION",2006,2007,9,12,33,16507
312,"OTHER NARCOTIC VIOLATION",2007,2008,12,12,0,16570
313,"OTHER NARCOTIC VIOLATION",2008,2009,12,7,-41,16633
314,"OTHER NARCOTIC VIOLATION",2009,2010,7,6,-14,16696
315,"OTHER NARCOTIC VIOLATION",2010,2011,6,5,-16,16759
316,"OTHER NARCOTIC VIOLATION",2011,2012,5,6,20,16822
317,"OTHER NARCOTIC VIOLATION",2012,2013,6,5,-16,16885
318,"OTHER NARCOTIC VIOLATION",2013,2014,5,10,0,16948
319,"OTHER NARCOTIC VIOLATION",2014,2015,10,5,-50,17011
320,"OTHER NARCOTIC VIOLATION",2015,2016,5,4,-20,17074
321,"OTHER NARCOTIC VIOLATION",2016,2017,4,4,0,17137
322,"OTHER OFFENSE",2001,2002,29656,32599,9,17200
323,"OTHER OFFENSE",2002,2003,32599,31147,-4,17252
324,"OTHER OFFENSE",2003,2004,31147,29532,-5,17304
325,"OTHER OFFENSE",2004,2005,29532,28028,-5,17356
326,"OTHER OFFENSE",2005,2006,28028,27100,-3,17408
327,"OTHER OFFENSE",2006,2007,27100,26863,0,17460
328,"OTHER OFFENSE",2007,2008,26863,26533,-1,17512
329,"OTHER OFFENSE",2008,2009,26533,25601,-3,17564
330,"OTHER OFFENSE",2009,2010,25601,22012,-14,17616
331,"OTHER OFFENSE",2010,2011,22012,20188,-8,17668
332,"OTHER OFFENSE",2011,2012,20188,17479,-13,17720
333,"OTHER OFFENSE",2012,2013,17479,17987,2,17772
334,"OTHER OFFENSE",2013,2014,17987,16972,-5,17824
335,"OTHER OFFENSE",2014,2015,16972,17541,3,17876
336,"OTHER OFFENSE",2015,2016,17541,17207,-1,17928
337,"OTHER OFFENSE",2016,2017,17207,11249,-34,17980
338,"PROSTITUTION",2001,2002,6026,6408,6,18032
339,"PROSTITUTION",2002,2003,6408,6214,-3,18083
340,"PROSTITUTION",2003,2004,6214,7476,20,18134
341,"PROSTITUTION",2004,2005,7476,6124,-18,18185
342,"PROSTITUTION",2005,2006,6124,7034,14,18236
343,"PROSTITUTION",2006,2007,7034,6087,-13,18287
344,"PROSTITUTION",2007,2008,6087,5141,-15,18338
345,"PROSTITUTION",2008,2009,5141,3940,-23,18389
346,"PROSTITUTION",2009,2010,3940,2485,-36,18440
347,"PROSTITUTION",2010,2011,2485,2424,-2,18491
348,"PROSTITUTION",2011,2012,2424,2204,-9,18542
349,"PROSTITUTION",2012,2013,2204,1652,-25,18593
350,"PROSTITUTION",2013,2014,1652,1626,-1,18644
351,"PROSTITUTION",2014,2015,1626,1322,-18,18695
352,"PROSTITUTION",2015,2016,1322,800,-39,18746
353,"PROSTITUTION",2016,2017,800,555,-30,18797
354,"PUBLIC INDECENCY",2001,2002,9,8,-11,18848
355,"PUBLIC INDECENCY",2002,2003,8,6,-25,18903
356,"PUBLIC INDECENCY",2003,2004,6,9,50,18958
357,"PUBLIC INDECENCY",2004,2005,9,4,-55,19013
358,"PUBLIC INDECENCY",2005,2006,4,4,0,19068
359,"PUBLIC INDECENCY",2006,2007,4,5,25,19123
360,"PUBLIC INDECENCY",2007,2008,5,4,-20,19178
361,"PUBLIC INDECENCY",2008,2009,4,10,50,19233
362,"PUBLIC INDECENCY",2009,2010,10,7,-30,19288
363,"PUBLIC INDECENCY",2010,2011,7,13,85,19343
364,"PUBLIC INDECENCY",2011,2012,13,17,30,19398
365,"PUBLIC INDECENCY",2012,2013,17,10,-41,19453
366,"PUBLIC INDECENCY",2013,2014,10,10,0,19508
367,"PUBLIC INDECENCY",2014,2015,10,14,40,19563
368,"PUBLIC INDECENCY",2015,2016,14,10,-28,19618
369,"PUBLIC INDECENCY",2016,2017,10,6,-40,19673
370,"PUBLIC PEACE VIOLATION",2001,2002,2750,2457,-10,19728
371,"PUBLIC PEACE VIOLATION",2002,2003,2457,2430,-1,19789
372,"PUBLIC PEACE VIOLATION",2003,2004,2430,2495,2,19850
373,"PUBLIC PEACE VIOLATION",2004,2005,2495,2730,9,19911
374,"PUBLIC PEACE VIOLATION",2005,2006,2730,3068,12,19972
375,"PUBLIC PEACE VIOLATION",2006,2007,3068,3315,8,20033
376,"PUBLIC PEACE VIOLATION",2007,2008,3315,3013,-9,20094
377,"PUBLIC PEACE VIOLATION",2008,2009,3013,3147,4,20155
378,"PUBLIC PEACE VIOLATION",2009,2010,3147,3538,12,20216
379,"PUBLIC PEACE VIOLATION",2010,2011,3538,3095,-12,20277
380,"PUBLIC PEACE VIOLATION",2011,2012,3095,3007,-2,20338
381,"PUBLIC PEACE VIOLATION",2012,2013,3007,3135,4,20399
382,"PUBLIC PEACE VIOLATION",2013,2014,3135,2903,-7,20460
383,"PUBLIC PEACE VIOLATION",2014,2015,2903,2422,-16,20521
384,"PUBLIC PEACE VIOLATION",2015,2016,2422,1606,-33,20582
385,"PUBLIC PEACE VIOLATION",2016,2017,1606,974,-39,20643
386,"RITUALISM",2001,2002,8,2,-75,20704
387,"RITUALISM",2002,2003,2,2,0,20752
388,"RITUALISM",2003,2004,2,1,-50,20800
389,"RITUALISM",2004,2005,1,2,0,20848
390,"RITUALISM",2005,2006,2,7,50,20896
391,"RITUALISM",2006,2007,7,1,-85,20944
392,"ROBBERY",2001,2002,18441,18522,0,20992
393,"ROBBERY",2002,2003,18522,17332,-6,21038
394,"ROBBERY",2003,2004,17332,15978,-7,21084
395,"ROBBERY",2004,2005,15978,16047,0,21130
396,"ROBBERY",2005,2006,16047,15968,0,21176
397,"ROBBERY",2006,2007,15968,15450,-3,21222
398,"ROBBERY",2007,2008,15450,16703,8,21268
399,"ROBBERY",2008,2009,16703,15980,-4,21314
400,"ROBBERY",2009,2010,15980,14273,-10,21360
401,"ROBBERY",2010,2011,14273,13982,-2,21406
402,"ROBBERY",2011,2012,13982,13485,-3,21452
403,"ROBBERY",2012,2013,13485,11820,-12,21498
404,"ROBBERY",2013,2014,11820,9800,-17,21544
405,"ROBBERY",2014,2015,9800,9639,-1,21590
406,"ROBBERY",2015,2016,9639,11958,24,21636
407,"ROBBERY",2016,2017,11958,7000,-41,21682
408,"SEX OFFENSE",2001,2002,2229,2167,-2,21728
409,"SEX OFFENSE",2002,2003,2167,2069,-4,21778
410,"SEX OFFENSE",2003,2004,2069,1802,-12,21828
411,"SEX OFFENSE",2004,2005,1802,1803,0,21878
412,"SEX OFFENSE",2005,2006,1803,1561,-13,21928
413,"SEX OFFENSE",2006,2007,1561,1521,-2,21978
414,"SEX OFFENSE",2007,2008,1521,1485,-2,22028
415,"SEX OFFENSE",2008,2009,1485,1246,-16,22078
416,"SEX OFFENSE",2009,2010,1246,1109,-10,22128
417,"SEX OFFENSE",2010,2011,1109,1072,-3,22178
418,"SEX OFFENSE",2011,2012,1072,1050,-2,22228
419,"SEX OFFENSE",2012,2013,1050,1017,-3,22278
420,"SEX OFFENSE",2013,2014,1017,957,-5,22328
421,"SEX OFFENSE",2014,2015,957,967,1,22378
422,"SEX OFFENSE",2015,2016,967,946,-2,22428
423,"SEX OFFENSE",2016,2017,946,584,-38,22478
424,"STALKING",2001,2002,203,200,-1,22528
425,"STALKING",2002,2003,200,247,23,22575
426,"STALKING",2003,2004,247,215,-12,22622
427,"STALKING",2004,2005,215,192,-10,22669
428,"STALKING",2005,2006,192,186,-3,22716
429,"STALKING",2006,2007,186,213,14,22763
430,"STALKING",2007,2008,213,190,-10,22810
431,"STALKING",2008,2009,190,167,-12,22857
432,"STALKING",2009,2010,167,189,13,22904
433,"STALKING",2010,2011,189,181,-4,22951
434,"STALKING",2011,2012,181,207,14,22998
435,"STALKING",2012,2013,207,153,-26,23045
436,"STALKING",2013,2014,153,140,-8,23092
437,"STALKING",2014,2015,140,154,10,23139
438,"STALKING",2015,2016,154,172,11,23186
439,"STALKING",2016,2017,172,133,-22,23233
440,"THEFT",2001,2002,99264,98327,0,23280
441,"THEFT",2002,2003,98327,98875,0,23324
442,"THEFT",2003,2004,98875,95463,-3,23368
443,"THEFT",2004,2005,95463,85685,-10,23412
444,"THEFT",2005,2006,85685,86240,0,23456
445,"THEFT",2006,2007,86240,85156,-1,23500
446,"THEFT",2007,2008,85156,88431,3,23544
447,"THEFT",2008,2009,88431,80972,-8,23588
448,"THEFT",2009,2010,80972,76750,-5,23632
449,"THEFT",2010,2011,76750,75146,-2,23676
450,"THEFT",2011,2012,75146,75457,0,23720
451,"THEFT",2012,2013,75457,71524,-5,23764
452,"THEFT",2013,2014,71524,61545,-13,23808
453,"THEFT",2014,2015,61545,57312,-6,23852
454,"THEFT",2015,2016,57312,61524,7,23896
455,"THEFT",2016,2017,61524,39102,-36,23940
456,"WEAPONS VIOLATION",2001,2002,4274,4281,0,23984
457,"WEAPONS VIOLATION",2002,2003,4281,4211,-1,24040
458,"WEAPONS VIOLATION",2003,2004,4211,4297,2,24096
459,"WEAPONS VIOLATION",2004,2005,4297,4106,-4,24152
460,"WEAPONS VIOLATION",2005,2006,4106,3821,-6,24208
461,"WEAPONS VIOLATION",2006,2007,3821,3554,-6,24264
462,"WEAPONS VIOLATION",2007,2008,3554,3877,9,24320
463,"WEAPONS VIOLATION",2008,2009,3877,4158,7,24376
464,"WEAPONS VIOLATION",2009,2010,4158,3704,-10,24432
465,"WEAPONS VIOLATION",2010,2011,3704,3880,4,24488
466,"WEAPONS VIOLATION",2011,2012,3880,3907,0,24544
467,"WEAPONS VIOLATION",2012,2013,3907,3246,-16,24600
468,"WEAPONS VIOLATION",2013,2014,3246,3114,-4,24656
469,"WEAPONS VIOLATION",2014,2015,3114,3362,7,24712
470,"WEAPONS VIOLATION",2015,2016,3362,3448,2,24768
471,"WEAPONS VIOLATION",2016,2017,3448,2943,-14,24824
